{"val score indist": 0.10165385280957207, "collisions indist": 0.04591, "stops indist": 0.0, "_step": 7, "_runtime": 570, "_timestamp": 1611342776, "Chunk Loss": 0.0583, "Seconds per iter": 27, "LR": 0.0003, "Total time (min)": 9}