{"val score indist": 0.3336538461538462, "val score outdist": 0.3631420503605517, "_step": 25, "_runtime": 1341, "_timestamp": 1610397156, "Chunk Loss": 0.0358, "Total Seconds": 26, "LR": 0.0003}