{"val score indist": 1.0716141420987235, "val score outdist": 1.0367953438126942, "collisions indist": 0.0, "collisions outdist": 0.0, "stops indist": 0.0, "stops outdist": 0.0, "_step": 13, "_runtime": 1012, "_timestamp": 1611164959, "Chunk Loss": 0.0135, "Seconds per iter": 25, "LR": 0.0003, "Total time (min)": 17}