{"val score indist": 0.6664712164680753, "val score outdist": 0.6293890634555769, "_step": 41, "_runtime": 1854, "_timestamp": 1610046222, "Chunk Loss": 0.1311, "Total Seconds": 25, "LR": 0.0003}