{"val score indist": 0.03828824236987503, "val score outdist": 0.039526501187843045, "collisions indist": Infinity, "collisions outdist": Infinity, "_step": 0, "_runtime": 48, "_timestamp": 1610852320}