{"val score indist": 0.5235627929928447, "val score outdist": 0.5305540410183283, "collisions indist": NaN, "collisions outdist": 0.004050925925925926, "_step": 47, "_runtime": 3891, "_timestamp": 1610756503, "Chunk Loss": 0.0027, "Seconds per iter": 26, "LR": 0.0003, "Total time (min)": 65}