{"score_indist": 0.26667, "score_outdist": 0.15333, "_step": 0, "_runtime": 66, "_timestamp": 1619539091}