{"val score indist": 0.3342827696055467, "val score outdist": 0.29823842687423185, "_step": 8, "_runtime": 410, "_timestamp": 1610144191, "Chunk Loss": 0.95, "Total Seconds": 24, "LR": 0.0003}