{"val score indist": 0.9401777889069739, "collisions indist": 0.02914, "stops indist": 0.0, "_step": 16, "_runtime": 1422, "_timestamp": 1611258687, "Chunk Loss": 0.022, "Seconds per iter": 27, "LR": 0.0003, "Total time (min)": 24}