{"val score indist": 0.04273629548976088, "val score outdist": 0.041044776119402986, "_step": 0, "_runtime": 179, "_timestamp": 1610043775}