{"val score indist": 0.1463733767836864, "collisions indist": 0.01903, "stops indist": 0.0, "_step": 39, "_runtime": 2867, "_timestamp": 1611348748, "Chunk Loss": 0.0523, "Seconds per iter": 26, "LR": 0.0003, "Total time (min)": 48}