{"val score indist": 0.9982953703246209, "collisions indist": 0.01881, "stops indist": 0.0, "_step": 161, "_runtime": 12345, "_timestamp": 1611274112, "Chunk Loss": 0.0325, "Seconds per iter": 27, "LR": 0.0003, "Total time (min)": 206}