{"val score indist": 0.67877329092433, "val score outdist": 0.5987627136416064, "_step": 168, "_runtime": 7273, "_timestamp": 1610304100, "Chunk Loss": 0.0096, "Total Seconds": 24, "LR": 0.0003}