{"score_indist": 0.22333, "score_outdist": 0.16667, "_step": 0, "_runtime": 66, "_timestamp": 1619539326}