{"val score indist": 0.5126601269474899, "val score outdist": 0.5644032969316372, "collisions indist": 2.5167224080267556, "collisions outdist": 2.1000867804454733, "_step": 116, "_runtime": 5738, "_timestamp": 1610472378, "Chunk Loss": 0.0191, "Total Seconds": 27, "LR": 0.0003}