{"val score indist": 0.4842418098880339, "val score outdist": 0.49582917024885564, "collisions indist": 2.4538925596093075, "collisions outdist": 2.668087897671368, "_step": 28, "_runtime": 1739, "_timestamp": 1610399014, "Chunk Loss": 0.0337, "Total Seconds": 26, "LR": 0.0003}