{"score_indist": 0.95333, "score_outdist": 0.72667, "_step": 0, "_runtime": 559, "_timestamp": 1619542768}