{"val score indist": 0.11817414614773629, "collisions indist": 0.02127, "stops indist": 0.0, "_step": 0, "_runtime": 44, "_timestamp": 1611345719}