{"val score indist": 0.21034700830290293, "val score outdist": 0.1644348684078049, "collisions indist": NaN, "collisions outdist": NaN, "_step": 0, "_runtime": 37, "_timestamp": 1610842648}