{"val score indist": 0.35138858140850615, "collisions indist": 0.03085, "stops indist": 0.0, "_step": 117, "_runtime": 8630, "_timestamp": 1611357491, "Chunk Loss": 0.0421, "Seconds per iter": 26, "LR": 0.0003, "Total time (min)": 144}