{"val score indist": 0.2698624385665951, "collisions indist": 0.02514, "stops indist": 0.0, "_step": 13, "_runtime": 974, "_timestamp": 1611518622, "Chunk Loss": 0.0393, "Seconds per iter": 25, "LR": 0.0003, "Total time (min)": 16}