{"val score indist": 0.4418777206173328, "collisions indist": 0.03341, "stops indist": 0.0, "_step": 45, "_runtime": 3269, "_timestamp": 1611522103, "Chunk Loss": 0.0398, "Seconds per iter": 26, "LR": 0.0003, "Total time (min)": 54}