{"val score indist": 0.5580214035606845, "collisions indist": 0.02097, "stops indist": 0.0, "_step": 74, "_runtime": 5390, "_timestamp": 1611517143, "Chunk Loss": 0.0424, "Seconds per iter": 26, "LR": 0.0003, "Total time (min)": 90}