{"val score indist": 0.21552319842053308, "collisions indist": 0.02833, "stops indist": 0.0, "_step": 102, "_runtime": 7341, "_timestamp": 1611286773, "Chunk Loss": 0.0708, "Seconds per iter": 27, "LR": 0.0003, "Total time (min)": 122}