{"val score indist": 1.0167249236759435, "val score outdist": 1.0132330959289546, "collisions indist": 0.0, "collisions outdist": 0.0, "stops indist": 0.0, "stops outdist": 0.0, "_step": 14, "_runtime": 1195, "_timestamp": 1611167347, "Chunk Loss": 0.0106, "Seconds per iter": 28, "LR": 0.0003, "Total time (min)": 20}